each_load_generation_time,each_load_encryption_time
0.0,4.145078897476196
0.0,3.6341328620910645
0.0,3.361703872680664
0.0,3.2568328380584717
0.0,3.4702165126800537
